{
    "camera": {
        "fieldOfView": 22.27373589884055,
        "from": [
            3.742084503173828,
            -10.150873184204102,
            5.32567834854126
        ],
        "to": [
            3.4413223266601562,
            -9.319842338562012,
            4.857779026031494
        ],
        "up": [
            -0.07084527611732483,
            0.4697912335395813,
            0.8799301981925964
        ]
    },
    "output": {
        "resolution": [
            1920,
            1080
        ]
    },
    "surface": [
        "q3.obj"
    ],
    "directionalLights": [
        {
            "direction": [
                0.6541510820388794,
                0.08658801019191742,
                0.7513912916183472
            ],
            "radiance": [
                2.0,
                2.0,
                2.0
            ]
        }
    ],
    "pointLights": [
        {
            "location": [
                -0.9592604637145996,
                -3.627483367919922,
                0.6801633238792419
            ],
            "radiance": [
                79.57747154594767,
                79.57747154594767,
                79.57747154594767
            ]
        }
    ],
    "areaLights": []
}